{
  "phase": "mc",
  "steps": 13,
  "histories": 4000000,
  "seed": 1234,
  "unitary_matched_energy": false,
  "p_detect": 0.4368165,
  "p_absorb": 0.0839405,
  "p_boundary": 0.392576,
  "p_survive": 0.086667,
  "se_detect": 0.0002479958897480712,
  "se_absorb": 0.00013864928097519113,
  "se_boundary": 0.0002441618746979143,
  "se_survive": 0.00014067323049446898,
  "energy_hist_detect": [
    1.0,
    0.0
  ],
  "counts": {
    "detect": 1747266,
    "absorb": 335762,
    "boundary": 1570304,
    "survive": 346668
  }
}