{
  "phase": "mc",
  "steps": 9,
  "histories": 4000000,
  "seed": 1234,
  "unitary_matched_energy": false,
  "p_detect": 0.0,
  "p_absorb": 0.06612625,
  "p_boundary": 0.29132625,
  "p_survive": 0.6425475,
  "se_detect": 0.0,
  "se_absorb": 0.00012425132701598956,
  "se_boundary": 0.0002271867437048966,
  "se_survive": 0.00023962481624601717,
  "energy_hist_detect": [
    0.0,
    0.0
  ],
  "counts": {
    "detect": 0,
    "absorb": 264505,
    "boundary": 1165305,
    "survive": 2570190
  }
}