{
  "phase": "mc",
  "steps": 8,
  "histories": 4000000,
  "seed": 1234,
  "unitary_matched_energy": false,
  "p_detect": 0.0,
  "p_absorb": 0.06410825,
  "p_boundary": 0.252511,
  "p_survive": 0.68338075,
  "se_detect": 0.0,
  "se_absorb": 0.00012247283605144603,
  "se_boundary": 0.00021722637666671607,
  "se_survive": 0.00023257875038867884,
  "energy_hist_detect": [
    0.0,
    0.0
  ],
  "counts": {
    "detect": 0,
    "absorb": 256433,
    "boundary": 1010044,
    "survive": 2733523
  }
}